{"cameraMode":{"drawMode":0,"name":"Shaded","section":"Shading Mode"},"sceneLighting":false,"audioPlay":false,"sceneViewState":{"showFog":true,"showMaterialUpdate":true,"showSkybox":false,"showFlares":true,"showImageEffects":true,"showParticleSystems":true},"in2DMode":false,"pivot":{"x":0.0,"y":10.40999984741211,"z":11.069999694824219},"rotation":{"x":0.7934425473213196,"y":0.014581647701561451,"z":-0.019056204706430436,"w":0.6081850528717041},"size":1.0462121963500977,"orthographic":true}