{"cameraMode":{"drawMode":0,"name":"Shaded","section":"Shading Mode"},"sceneLighting":true,"audioPlay":false,"sceneViewState":{"showFog":true,"showMaterialUpdate":true,"showSkybox":false,"showFlares":true,"showImageEffects":true,"showParticleSystems":true},"in2DMode":false,"pivot":{"x":3.7745361328125,"y":2.0899996757507326,"z":-0.9367731809616089},"rotation":{"x":0.8097607493400574,"y":0.006142488680779934,"z":-0.008512251079082489,"w":0.5866793394088745},"size":3.588979959487915,"orthographic":true}